pred_bin,observed
0.8145431547619052,0.8166666666666665
0.9976080459770115,0.9974137931034481
1.044259013605442,1.0357142857142856
